metric,value,value_raw,unit_scale
KernIntr,266591374000,266591374K,K
ErrorIntr,0,0,none
Tx_Errs,0,0,none
Rcv_Errs,0,0,none
H/W_Errs,0,0,none
NoPIOBufs,0,0,none
CtxtsOpen,16,16,none
RcvLen_Errs,0,0,none
EgrBufFull,0,0,none
EgrHdrFull,0,0,none
RcvOverflow,0,0,none
RxLenErr,0,0,none
RxShrErr,0,0,none
RxICrcErr,0,0,none
RxEbpCnt,0,0,none
RxTIDFullEr,0,0,none
RxTIDInvalid,0,0,none
RxTidFLGMs,0,0,none
RxCtxEgrS,3294704000,3294704K,K
RxTidFLSMs,0,0,none
CcePciCrSt,273054,273054,none
CcePciTrSt,184023,184023,none
CcePioWrSt,0,0,none
CceErrInt,16,16,none
CceSdmaInt,89099713,89099713,none
CceMiscInt,5047308,5047308,none
CceRcvAvInt,1365872000,1365872K,K
CceRcvUrgInt,0,0,none
CceSndCrInt,0,0,none
DcUnctblErr,0,0,none
DcRecvErr,0,0,none
DcFmCfgErr,0,0,none
DcRmtPhyErr,0,0,none
DcDroppedPkt,0,0,none
DcMcXmitPkts,325,325,none
DcMcRcvPkts,8292492,8292492,none
DcXmitCorr,0,0,none
DcRcvCorrCnt,0,0,none
DcRxFCntl,203914151,203914151,none
DcXmitFCntl,1828214062000,1828214062K,K
DcXmitFlits,1435573000,1435573K,K
DcRcvFlits,98080414443000,98080414443K,K
DcXmitPkts,89429212,89429212,none
DcRcvPkts,432042673000,432042673K,K
DcRxFlitVl0,98080394846000,98080394846K,K
DcRxFlitVl1,0,0,none
DcRxFlitVl2,0,0,none
DcRxFlitVl3,0,0,none
DcRxFlitVl4,0,0,none
DcRxFlitVl5,0,0,none
DcRxFlitVl6,0,0,none
DcRxFlitVl7,0,0,none
DcRxFlitVl15,19597261,19597261,none
DcRxPktVl0,432042339000,432042339K,K
DcRxPktVl1,0,0,none
DcRxPktVl2,0,0,none
DcRxPktVl3,0,0,none
DcRxPktVl4,0,0,none
DcRxPktVl5,0,0,none
DcRxPktVl6,0,0,none
DcRxPktVl7,0,0,none
DcRxPktVl15,333236,333236,none
DcRcvFcn,0,0,none
DcRcvFcnVl0,0,0,none
DcRcvFcnVl1,0,0,none
DcRcvFcnVl2,0,0,none
DcRcvFcnVl3,0,0,none
DcRcvFcnVl4,0,0,none
DcRcvFcnVl5,0,0,none
DcRcvFcnVl6,0,0,none
DcRcvFcnVl7,0,0,none
DcRcvFcnVl15,0,0,none
DcRcvBcn,0,0,none
DcRcvBcnVl0,0,0,none
DcRcvBcnVl1,0,0,none
DcRcvBcnVl2,0,0,none
DcRcvBcnVl3,0,0,none
DcRcvBcnVl4,0,0,none
DcRcvBcnVl5,0,0,none
DcRcvBcnVl6,0,0,none
DcRcvBcnVl7,0,0,none
DcRcvBcnVl15,0,0,none
DcRcvBbl,31193985000,31193985K,K
DcRcvBblVl0,31193984000,31193984K,K
DcRcvBblVl1,0,0,none
DcRcvBblVl2,0,0,none
DcRcvBblVl3,0,0,none
DcRcvBblVl4,0,0,none
DcRcvBblVl5,0,0,none
DcRcvBblVl6,0,0,none
DcRcvBblVl7,0,0,none
DcRcvBblVl15,1142,1142,none
DcMarkFcn,0,0,none
DcMarkFcnVl0,0,0,none
DcMarkFcnVl1,0,0,none
DcMarkFcnVl2,0,0,none
DcMarkFcnVl3,0,0,none
DcMarkFcnVl4,0,0,none
DcMarkFcnVl5,0,0,none
DcMarkFcnVl6,0,0,none
DcMarkFcnVl7,0,0,none
DcMarkFcnVl15,0,0,none
DcTotCrc,0,0,none
DcCrcLn0,0,0,none
DcCrcLn1,0,0,none
DcCrcLn2,0,0,none
DcCrcLn3,0,0,none
DcMultLn,0,0,none
DcTxReplay,0,0,none
DcRxReplay,0,0,none
DcLinkSeqCrc,0,0,none
DcEsc0,0,0,none
DcEsc1,0,0,none
DcEsc0Plus2,0,0,none
DcReinitPeer,0,0,none
DcSbe,0,0,none
DcMiscFlg,0,0,none
DcGoodLTP,442358093604000,442358093604K,K
DcAccLTP,442358093605000,442358093605K,K
DcPrfRxFlit,18975950860000,18975950860K,K
DcPrfTxFlit,166162271,166162271,none
DcPrfClk,0,0,none
DcFltCrdts,0,0,none
DcPauseComp,0,0,none
DcStsTxSbe,0,0,none
DcStsTxMbe,0,0,none
Intr,54795429000,54795429K,K
RcvLimit,695,695,none
SeqDrop0,0,0,none
vTxWait,0,0,none
PioWait,0,0,none
PioDrain,0,0,none
KmemWait,0,0,none
TidWait,0,0,none
SendSched,0,0,none
SDEDscFdCn0,928696,928696,none
SDEDscFdCn1,114,114,none
SDEDscFdCn2,686,686,none
SDEDscFdCn3,90,90,none
SDEDscFdCn4,1158,1158,none
SDEDscFdCn5,132,132,none
SDEDscFdCn6,260,260,none
SDEDscFdCn7,156,156,none
SDEDscFdCn8,660,660,none
SDEDscFdCn9,132,132,none
SDEDscFdCn10,666,666,none
SDEDscFdCn11,120,120,none
SDEDscFdCn12,118,118,none
SDEDscFdCn13,7398,7398,none
SDEDscFdCn14,49223618,49223618,none
SDEDscFdCn15,738,738,none
SDMAInt0,0,0,none
SDMAInt1,0,0,none
SDMAInt2,0,0,none
SDMAInt3,0,0,none
SDMAInt4,0,0,none
SDMAInt5,0,0,none
SDMAInt6,0,0,none
SDMAInt7,0,0,none
SDMAInt8,0,0,none
SDMAInt9,0,0,none
SDMAInt10,0,0,none
SDMAInt11,0,0,none
SDMAInt12,0,0,none
SDMAInt13,0,0,none
SDMAInt14,0,0,none
SDMAInt15,0,0,none
SDMAErrCt0,1,1,none
SDMAErrCt1,1,1,none
SDMAErrCt2,1,1,none
SDMAErrCt3,1,1,none
SDMAErrCt4,1,1,none
SDMAErrCt5,1,1,none
SDMAErrCt6,1,1,none
SDMAErrCt7,1,1,none
SDMAErrCt8,1,1,none
SDMAErrCt9,1,1,none
SDMAErrCt10,1,1,none
SDMAErrCt11,1,1,none
SDMAErrCt12,1,1,none
SDMAErrCt13,1,1,none
SDMAErrCt14,1,1,none
SDMAErrCt15,1,1,none
SDMAIdInt0,12107630,12107630,none
SDMAIdInt1,3331,3331,none
SDMAIdInt2,4117,4117,none
SDMAIdInt3,4248,4248,none
SDMAIdInt4,5601,5601,none
SDMAIdInt5,3893,3893,none
SDMAIdInt6,4723,4723,none
SDMAIdInt7,3962,3962,none
SDMAIdInt8,4193,4193,none
SDMAIdInt9,2531,2531,none
SDMAIdInt10,4341,4341,none
SDMAIdInt11,3566,3566,none
SDMAIdInt12,2378,2378,none
SDMAIdInt13,10349,10349,none
SDMAIdInt14,76921362,76921362,none
SDMAIdInt15,3699,3699,none
SDMAPrIntCn0,0,0,none
SDMAPrIntCn1,0,0,none
SDMAPrIntCn2,0,0,none
SDMAPrIntCn3,0,0,none
SDMAPrIntCn4,0,0,none
SDMAPrIntCn5,0,0,none
SDMAPrIntCn6,0,0,none
SDMAPrIntCn7,0,0,none
SDMAPrIntCn8,0,0,none
SDMAPrIntCn9,0,0,none
SDMAPrIntCn10,0,0,none
SDMAPrIntCn11,0,0,none
SDMAPrIntCn12,0,0,none
SDMAPrIntCn13,0,0,none
SDMAPrIntCn14,0,0,none
SDMAPrIntCn15,0,0,none
MISC_PLL_LOCK_FAIL_ERR,0,0,none
MISC_MBIST_FAIL_ERR,0,0,none
MISC_INVALID_EEP_CMD_ERR,0,0,none
MISC_EFUSE_DONE_PARITY_ERR,0,0,none
MISC_EFUSE_WRITE_ERR,0,0,none
MISC_EFUSE_READ_BAD_ADDR_ERR,0,0,none
MISC_EFUSE_CSR_PARITY_ERR,0,0,none
MISC_FW_AUTH_FAILED_ERR,0,0,none
MISC_KEY_MISMATCH_ERR,0,0,none
MISC_SBUS_WRITE_FAILED_ERR,0,0,none
MISC_CSR_WRITE_BAD_ADDR_ERR,0,0,none
MISC_CSR_READ_BAD_ADDR_ERR,0,0,none
MISC_CSR_PARITY_ERR,0,0,none
CceErrStatusAggregatedCnt,0,0,none
CceMsixCsrParityErr,0,0,none
CceIntMapUncErr,0,0,none
CceIntMapCorErr,0,0,none
CceMsixTableUncErr,0,0,none
CceMsixTableCorErr,0,0,none
CceRxdmaConvFifoParityErr,0,0,none
CceRcplAsyncFifoParityErr,0,0,none
CceSegWriteBadAddrErr,0,0,none
CceSegReadBadAddrErr,0,0,none
CceTrgtCplTimeoutErr,0,0,none
PcicReceiveParityErr,0,0,none
PcicTransmitBackParityErr,0,0,none
PcicTransmitFrontParityErr,0,0,none
PcicCplDatQUncErr,0,0,none
PcicCplHdQUncErr,0,0,none
PcicPostDatQUncErr,0,0,none
PcicPostHdQUncErr,0,0,none
PcicRetrySotMemUncErr,0,0,none
PcicRetryMemUncErr,0,0,none
PcicNPostDatQParityErr,0,0,none
PcicNPostHQParityErr,0,0,none
PcicCplDatQCorErr,0,0,none
PcicCplHdQCorErr,0,0,none
PcicPostDatQCorErr,0,0,none
PcicPostHdQCorErr,0,0,none
PcicRetrySotMemCorErr,0,0,none
PcicRetryMemCorErr,0,0,none
CceCli1AsyncFifoDbgParityError,0,0,none
CceCli1AsyncFifoRxdmaParityError,0,0,none
CceCli1AsyncFifoSdmaHdParityErr,0,0,none
CceCli1AsyncFifoPioCrdtParityErr,0,0,none
CceCli2AsyncFifoParityErr,0,0,none
CceCsrCfgBusParityErr,0,0,none
CceCli0AsyncFifoParityErr,0,0,none
CceRspdDataParityErr,0,0,none
CceTrgtAccessErr,0,0,none
CceTrgtAsyncFifoParityErr,0,0,none
CceCsrWriteBadAddrErr,0,0,none
CceCsrReadBadAddrErr,0,0,none
CceCsrParityErr,0,0,none
RxCsrParityErr,0,0,none
RxCsrWriteBadAddrErr,0,0,none
RxCsrReadBadAddrErr,0,0,none
RxDmaCsrUncErr,0,0,none
RxDmaDqFsmEncodingErr,0,0,none
RxDmaEqFsmEncodingErr,0,0,none
RxDmaCsrParityErr,0,0,none
RxRbufDataCorErr,0,0,none
RxRbufDataUncErr,0,0,none
RxDmaDataFifoRdCorErr,0,0,none
RxDmaDataFifoRdUncErr,0,0,none
RxDmaHdrFifoRdCorErr,0,0,none
RxDmaHdrFifoRdUncErr,0,0,none
RxRbufDescPart2CorErr,0,0,none
RxRbufDescPart2UncErr,0,0,none
RxRbufDescPart1CorErr,0,0,none
RxRbufDescPart1UncErr,0,0,none
RxHqIntrFsmErr,0,0,none
RxHqIntrCsrParityErr,0,0,none
RxLookupCsrParityErr,0,0,none
RxLookupRcvArrayCorErr,0,0,none
RxLookupRcvArrayUncErr,0,0,none
RxLookupDesPart2ParityErr,0,0,none
RxLookupDesPart1UncCorErr,0,0,none
RxLookupDesPart1UncErr,0,0,none
RxRbufNextFreeBufCorErr,0,0,none
RxRbufNextFreeBufUncErr,0,0,none
RxRbufFlInitWrAddrParityErr,0,0,none
RxRbufFlInitdoneParityErr,0,0,none
RxRbufFlWrAddrParityErr,0,0,none
RxRbufFlRdAddrParityErr,0,0,none
RxRbufEmptyErr,0,0,none
RxRbufFullErr,0,0,none
RxRBufBadLookupErr,0,0,none
RxRbufCtxIdParityErr,0,0,none
RxRbufCsrQEOPDWParityErr,0,0,none
RxRbufCsrQNumOfPktParityErr,0,0,none
RxRbufCsrQTlPtrParityErr,0,0,none
RxRbufCsrQHdPtrParityErr,0,0,none
RxRbufCsrQVldBitParityErr,0,0,none
RxRbufCsrQNextBufParityErr,0,0,none
RxRbufCsrQEntCntParityErr,0,0,none
RxRbufCsrQHeadBufNumParityErr,0,0,none
RxRbufBlockListReadCorErr,0,0,none
RxRbufBlockListReadUncErr,0,0,none
RxRbufLookupDesCorErr,0,0,none
RxRbufLookupDesUncErr,0,0,none
RxRbufLookupDesRegUncCorErr,0,0,none
RxRbufLookupDesRegUncErr,0,0,none
RxRbufFreeListCorErr,0,0,none
RxRbufFreeListUncErr,0,0,none
RxRcvFsmEncodingErr,0,0,none
RxDmaFlagCorErr,0,0,none
RxDmaFlagUncErr,0,0,none
RxDcSopEopParityErr,0,0,none
RxRcvCsrParityErr,0,0,none
RxRcvQpMapTableCorErr,0,0,none
RxRcvQpMapTableUncErr,0,0,none
RxRcvDataCorErr,0,0,none
RxRcvDataUncErr,0,0,none
RxRcvHdrCorErr,0,0,none
RxRcvHdrUncErr,0,0,none
RxDcIntfParityErr,0,0,none
RxDmaCsrCorErr,0,0,none
PioPecSopHeadParityErr,0,0,none
PioPccSopHeadParityErr,0,0,none
PioLastReturnedCntParityErr,0,0,none
PioCurrentFreeCntParityErr,0,0,none
PioPpmcSopLenErr,0,0,none
PioPpmcBqcMemParityErr,0,0,none
PioVlFifoParityErr,0,0,none
PioVlfSopParityErr,0,0,none
PioVlfVlLenParityErr,0,0,none
PioBlockQwCountParityErr,0,0,none
PioWriteQwValidParityErr,0,0,none
PioStateMachineErr,0,0,none
PioWriteDataParityErr,0,0,none
PioHostAddrMemCorErr,0,0,none
PioHostAddrMemUncErr,0,0,none
PioPktEvictSmOrArbSmErr,0,0,none
PioInitSmInErr,0,0,none
PioPpmcPblFifoErr,0,0,none
PioCreditRetFifoParityErr,0,0,none
PioVlLenMemBank1CorErr,0,0,none
PioVlLenMemBank0CorErr,0,0,none
PioVlLenMemBank1UncErr,0,0,none
PioVlLenMemBank0UncErr,0,0,none
PioSmPktResetParityErr,0,0,none
PioPktEvictFifoParityErr,0,0,none
PioSbrdctrlCrrelFifoParityErr,0,0,none
PioSbrdctlCrrelParityErr,0,0,none
PioPecFifoParityErr,0,0,none
PioPccFifoParityErr,0,0,none
PioSbMemFifo1Err,0,0,none
PioSbMemFifo0Err,0,0,none
PioCsrParityErr,0,0,none
PioWriteAddrParityErr,0,0,none
PioWriteBadCtxtErr,0,0,none
SDmaPcieReqTrackingCorErr,0,0,none
SDmaPcieReqTrackingUncErr,0,0,none
SDmaCsrParityErr,0,0,none
SDmaRpyTagErr,0,0,none
TxReadPioMemoryCsrUncErr,0,0,none
TxReadSdmaMemoryCsrUncErr,0,0,none
TxEgressFifoCorErr,0,0,none
TxReadPioMemoryCorErr,0,0,none
TxReadSdmaMemoryCorErr,0,0,none
TxSbHdrCorErr,0,0,none
TxCreditOverrunErr,0,0,none
TxLaunchFifo8CorErr,0,0,none
TxLaunchFifo7CorErr,0,0,none
TxLaunchFifo6CorErr,0,0,none
TxLaunchFifo5CorErr,0,0,none
TxLaunchFifo4CorErr,0,0,none
TxLaunchFifo3CorErr,0,0,none
TxLaunchFifo2CorErr,0,0,none
TxLaunchFifo1CorErr,0,0,none
TxLaunchFifo0CorErr,0,0,none
TxCreditReturnVLErr,0,0,none
TxHcrcInsertionErr,0,0,none
TxEgressFifoUncErr,0,0,none
TxReadPioMemoryUncErr,0,0,none
TxReadSdmaMemoryUncErr,0,0,none
TxSbHdrUncErr,0,0,none
TxCreditReturnParityErr,0,0,none
TxLaunchFifo8UncOrParityErr,0,0,none
TxLaunchFifo7UncOrParityErr,0,0,none
TxLaunchFifo6UncOrParityErr,0,0,none
TxLaunchFifo5UncOrParityErr,0,0,none
TxLaunchFifo4UncOrParityErr,0,0,none
TxLaunchFifo3UncOrParityErr,0,0,none
TxLaunchFifo2UncOrParityErr,0,0,none
TxLaunchFifo1UncOrParityErr,0,0,none
TxLaunchFifo0UncOrParityErr,0,0,none
TxSdma15DisallowedPacketErr,0,0,none
TxSdma14DisallowedPacketErr,0,0,none
TxSdma13DisallowedPacketErr,0,0,none
TxSdma12DisallowedPacketErr,0,0,none
TxSdma11DisallowedPacketErr,0,0,none
TxSdma10DisallowedPacketErr,0,0,none
TxSdma9DisallowedPacketErr,0,0,none
TxSdma8DisallowedPacketErr,0,0,none
TxSdma7DisallowedPacketErr,0,0,none
TxSdma6DisallowedPacketErr,0,0,none
TxSdma5DisallowedPacketErr,0,0,none
TxSdma4DisallowedPacketErr,0,0,none
TxSdma3DisallowedPacketErr,0,0,none
TxSdma2DisallowedPacketErr,0,0,none
TxSdma1DisallowedPacketErr,0,0,none
TxSdma0DisallowedPacketErr,0,0,none
TxConfigParityErr,0,0,none
TxSbrdCtlCsrParityErr,0,0,none
TxLaunchCsrParityErr,0,0,none
TxIllegalVLErr,0,0,none
TxSbrdCtlStateMachineParityErr,0,0,none
TxSdmaLaunchIntfParityErr,0,0,none
TxPioLaunchIntfParityErr,0,0,none
TxIncorrectLinkStateErr,0,0,none
TxLinkdownErr,0,0,none
EgressFifoUnderrunOrParityErr,0,0,none
TxPktIntegrityMemUncErr,0,0,none
TxPktIntegrityMemCorErr,0,0,none
SendCsrWriteBadAddrErr,0,0,none
SendCsrReadBadAddrErr,0,0,none
SendCsrParityErr,0,0,none
PioWriteOutOfBoundsErr,0,0,none
PioWriteOverflowErr,0,0,none
PioWriteCrossesBoundaryErr,0,0,none
PioDisallowedPacketErr,0,0,none
PioInconsistentSopErr,0,0,none
SDmaHeaderRequestFifoCorErr,0,0,none
SDmaHeaderStorageCorErr,0,0,none
SDmaPacketTrackingCorErr,0,0,none
SDmaAssemblyCorErr,0,0,none
SDmaDescTableCorErr,0,0,none
SDmaHeaderRequestFifoUncErr,0,0,none
SDmaHeaderStorageUncErr,0,0,none
SDmaPacketTrackingUncErr,0,0,none
SDmaAssemblyUncErr,0,0,none
SDmaDescTableUncErr,0,0,none
SDmaTimeoutErr,0,0,none
SDmaHeaderLengthErr,0,0,none
SDmaHeaderAddressErr,0,0,none
SDmaHeaderSelectErr,0,0,none
SDmaPacketDescOverflowErr,0,0,none
SDmaLengthMismatchErr,0,0,none
SDmaHaltErr,16,16,none
SDmaMemReadErr,0,0,none
SDmaFirstDescErr,0,0,none
SDmaTa,0,0,none
TxUnVLErr,0,0,none
TxInvalLen,0,0,none
TxMMLenErr,0,0,none
TxUnderrun,0,0,none
TxFlowStall,0,0,none
TxDropped,0,0,none
TxHdrErr,0,0,none
TxPkt,89429212,89429212,none
TxWords,2769274000,2769274K,K
TxWait,0,0,none
TxFlitVL0,1397488000,1397488K,K
TxFlitVL1,0,0,none
TxFlitVL2,0,0,none
TxFlitVL3,0,0,none
TxFlitVL4,0,0,none
TxFlitVL5,0,0,none
TxFlitVL6,0,0,none
TxFlitVL7,0,0,none
TxFlitVL15,25641525,25641525,none
TxPktVL0,89095976,89095976,none
TxPktVL1,0,0,none
TxPktVL2,0,0,none
TxPktVL3,0,0,none
TxPktVL4,0,0,none
TxPktVL5,0,0,none
TxPktVL6,0,0,none
TxPktVL7,0,0,none
TxPktVL15,333236,333236,none
TxWaitVL0,0,0,none
TxWaitVL1,0,0,none
TxWaitVL2,0,0,none
TxWaitVL3,0,0,none
TxWaitVL4,0,0,none
TxWaitVL5,0,0,none
TxWaitVL6,0,0,none
TxWaitVL7,0,0,none
TxWaitVL15,0,0,none
RxPkt,432042673000,432042673K,K
RxWords,195300787917000,195300787917K,K
SwLinkDown,1,1,none
SwLinkUp,0,0,none
UnknownFrame,0,0,none
XmitDscd,0,0,none
XmitDscdVl0,0,0,none
XmitDscdVl1,0,0,none
XmitDscdVl2,0,0,none
XmitDscdVl3,0,0,none
XmitDscdVl4,0,0,none
XmitDscdVl5,0,0,none
XmitDscdVl6,0,0,none
XmitDscdVl7,0,0,none
XmitDscdVl15,0,0,none
XmitCstrErr,0,0,none
RcvCstrErr,0,0,none
LoopPkts,12,12,none
RcResend,0,0,none
RnrNak,0,0,none
OtherNak,0,0,none
RcTimeOut,0,0,none
PktDrop,18,18,none
DmaWait,0,0,none
RcSeqNak,0,0,none
RcDupRew,0,0,none
RdmaSeq,0,0,none
Unaligned,0,0,none
SeqNak,0,0,none
RcCrWait,0,0,none
RcAcks,0,0,none
RcQacks,0,0,none
RcDelayComp,0,0,none
RcvHdrOvr0,0,0,none
RcvHdrOvr1,0,0,none
RcvHdrOvr2,0,0,none
RcvHdrOvr3,0,0,none
RcvHdrOvr4,0,0,none
RcvHdrOvr5,0,0,none
RcvHdrOvr6,0,0,none
RcvHdrOvr7,0,0,none
RcvHdrOvr8,0,0,none
RcvHdrOvr9,0,0,none
RcvHdrOvr10,0,0,none
RcvHdrOvr11,0,0,none
RcvHdrOvr12,0,0,none
RcvHdrOvr13,0,0,none
RcvHdrOvr14,0,0,none
RcvHdrOvr15,0,0,none
RcvHdrOvr16,0,0,none
RcvHdrOvr17,0,0,none
RcvHdrOvr18,0,0,none
RcvHdrOvr19,0,0,none
RcvHdrOvr20,0,0,none
RcvHdrOvr21,0,0,none
RcvHdrOvr22,0,0,none
RcvHdrOvr23,0,0,none
RcvHdrOvr24,0,0,none
RcvHdrOvr25,0,0,none
RcvHdrOvr26,0,0,none
RcvOverflow,0,0,none
RxLenErr,0,0,none
RxShrErr,0,0,none
RxICrcErr,0,0,none
RxEbpCnt,0,0,none
RxTIDFullEr,0,0,none
RxTIDInvalid,0,0,none
RxTidFLGMs,0,0,none
RxCtxEgrS,3357000000,3357000K,K
RxTidFLSMs,0,0,none
CcePciCrSt,180726,180726,none
CcePciTrSt,343258552,343258552,none
CcePioWrSt,0,0,none
CceErrInt,16,16,none
CceSdmaInt,1447528000,1447528K,K
CceMiscInt,6780627,6780627,none
CceRcvAvInt,1363260000,1363260K,K
CceRcvUrgInt,0,0,none
CceSndCrInt,0,0,none
DcUnctblErr,0,0,none
DcRecvErr,0,0,none
DcFmCfgErr,0,0,none
DcRmtPhyErr,0,0,none
DcDroppedPkt,0,0,none
DcMcXmitPkts,59839,59839,none
DcMcRcvPkts,8239186,8239186,none
DcXmitCorr,0,0,none
DcRcvCorrCnt,0,0,none
DcRxFCntl,7058085442000,7058085442K,K
DcXmitFCntl,2300891601000,2300891601K,K
DcXmitFlits,414016847640000,414016847640K,K
DcRcvFlits,121901598940000,121901598940K,K
DcXmitPkts,1641337700000,1641337700K,K
DcRcvPkts,548385899000,548385899K,K
DcRxFlitVl0,121901579343000,121901579343K,K
DcRxFlitVl1,0,0,none
DcRxFlitVl2,0,0,none
DcRxFlitVl3,0,0,none
DcRxFlitVl4,0,0,none
DcRxFlitVl5,0,0,none
DcRxFlitVl6,0,0,none
DcRxFlitVl7,0,0,none
DcRxFlitVl15,19597001,19597001,none
DcRxPktVl0,548385566000,548385566K,K
DcRxPktVl1,0,0,none
DcRxPktVl2,0,0,none
DcRxPktVl3,0,0,none
DcRxPktVl4,0,0,none
DcRxPktVl5,0,0,none
DcRxPktVl6,0,0,none
DcRxPktVl7,0,0,none
DcRxPktVl15,333230,333230,none
DcRcvFcn,0,0,none
DcRcvFcnVl0,0,0,none
DcRcvFcnVl1,0,0,none
DcRcvFcnVl2,0,0,none
DcRcvFcnVl3,0,0,none
DcRcvFcnVl4,0,0,none
DcRcvFcnVl5,0,0,none
DcRcvFcnVl6,0,0,none
DcRcvFcnVl7,0,0,none
DcRcvFcnVl15,0,0,none
DcRcvBcn,0,0,none
DcRcvBcnVl0,0,0,none
DcRcvBcnVl1,0,0,none
DcRcvBcnVl2,0,0,none
DcRcvBcnVl3,0,0,none
DcRcvBcnVl4,0,0,none
DcRcvBcnVl5,0,0,none
DcRcvBcnVl6,0,0,none
DcRcvBcnVl7,0,0,none
DcRcvBcnVl15,0,0,none
DcRcvBbl,40049208000,40049208K,K
DcRcvBblVl0,40049207000,40049207K,K
DcRcvBblVl1,0,0,none
DcRcvBblVl2,0,0,none
DcRcvBblVl3,0,0,none
DcRcvBblVl4,0,0,none
DcRcvBblVl5,0,0,none
DcRcvBblVl6,0,0,none
DcRcvBblVl7,0,0,none
DcRcvBblVl15,1291,1291,none
DcMarkFcn,0,0,none
DcMarkFcnVl0,0,0,none
DcMarkFcnVl1,0,0,none
DcMarkFcnVl2,0,0,none
DcMarkFcnVl3,0,0,none
DcMarkFcnVl4,0,0,none
DcMarkFcnVl5,0,0,none
DcMarkFcnVl6,0,0,none
DcMarkFcnVl7,0,0,none
DcMarkFcnVl15,0,0,none
DcTotCrc,0,0,none
DcCrcLn0,0,0,none
DcCrcLn1,0,0,none
DcCrcLn2,0,0,none
DcCrcLn3,0,0,none
DcMultLn,0,0,none
DcTxReplay,0,0,none
DcRxReplay,0,0,none
DcLinkSeqCrc,0,0,none
DcEsc0,0,0,none
DcEsc1,0,0,none
DcEsc0Plus2,0,0,none
DcReinitPeer,0,0,none
DcSbe,0,0,none
DcMiscFlg,0,0,none
DcGoodLTP,442357840516000,442357840516K,K
DcAccLTP,442357840517000,442357840517K,K
DcPrfRxFlit,20441827834000,20441827834K,K
DcPrfTxFlit,48886528838000,48886528838K,K
DcPrfClk,0,0,none
DcFltCrdts,0,0,none
DcPauseComp,0,0,none
DcStsTxSbe,0,0,none
DcStsTxMbe,0,0,none
Intr,211795945000,211795945K,K
RcvLimit,699,699,none
SeqDrop0,0,0,none
vTxWait,0,0,none
PioWait,0,0,none
PioDrain,0,0,none
KmemWait,0,0,none
TidWait,0,0,none
SendSched,0,0,none
SDEDscFdCn0,2469644000,2469644K,K
SDEDscFdCn1,1783671000,1783671K,K
SDEDscFdCn2,2516322000,2516322K,K
SDEDscFdCn3,408896230,408896230,none
SDEDscFdCn4,2836704000,2836704K,K
SDEDscFdCn5,2034068000,2034068K,K
SDEDscFdCn6,628703961,628703961,none
SDEDscFdCn7,2886122000,2886122K,K
SDEDscFdCn8,3278257000,3278257K,K
SDEDscFdCn9,514851252,514851252,none
SDEDscFdCn10,2665330000,2665330K,K
SDEDscFdCn11,3290865000,3290865K,K
SDEDscFdCn12,1862643000,1862643K,K
SDEDscFdCn13,4129436000,4129436K,K
SDEDscFdCn14,2891003000,2891003K,K
SDEDscFdCn15,2609777000,2609777K,K
SDMAInt0,0,0,none
SDMAInt1,0,0,none
SDMAInt2,0,0,none
SDMAInt3,0,0,none
SDMAInt4,0,0,none
SDMAInt5,0,0,none
SDMAInt6,0,0,none
SDMAInt7,0,0,none
SDMAInt8,0,0,none
SDMAInt9,0,0,none
SDMAInt10,0,0,none
SDMAInt11,0,0,none
SDMAInt12,0,0,none
SDMAInt13,0,0,none
SDMAInt14,0,0,none
SDMAInt15,0,0,none
SDMAErrCt0,1,1,none
SDMAErrCt1,1,1,none
SDMAErrCt2,1,1,none
SDMAErrCt3,1,1,none
SDMAErrCt4,1,1,none
SDMAErrCt5,1,1,none
SDMAErrCt6,1,1,none
SDMAErrCt7,1,1,none
SDMAErrCt8,1,1,none
SDMAErrCt9,1,1,none
SDMAErrCt10,1,1,none
SDMAErrCt11,1,1,none
SDMAErrCt12,1,1,none
SDMAErrCt13,1,1,none
SDMAErrCt14,1,1,none
SDMAErrCt15,1,1,none
SDMAIdInt0,5830900000,5830900K,K
SDMAIdInt1,3859497000,3859497K,K
SDMAIdInt2,4522775000,4522775K,K
SDMAIdInt3,6445953000,6445953K,K
SDMAIdInt4,8155915000,8155915K,K
SDMAIdInt5,3912819000,3912819K,K
SDMAIdInt6,4560789000,4560789K,K
SDMAIdInt7,5190090000,5190090K,K
SDMAIdInt8,7497571000,7497571K,K
SDMAIdInt9,5545846000,5545846K,K
SDMAIdInt10,7377738000,7377738K,K
SDMAIdInt11,6461621000,6461621K,K
SDMAIdInt12,6501058000,6501058K,K
SDMAIdInt13,6567080000,6567080K,K
SDMAIdInt14,2864331000,2864331K,K
SDMAIdInt15,3171174000,3171174K,K
SDMAPrIntCn0,3174174000,3174174K,K
SDMAPrIntCn1,1809729000,1809729K,K
SDMAPrIntCn2,2409368000,2409368K,K
SDMAPrIntCn3,3989309000,3989309K,K
SDMAPrIntCn4,5349869000,5349869K,K
SDMAPrIntCn5,2209565000,2209565K,K
SDMAPrIntCn6,1962284000,1962284K,K
SDMAPrIntCn7,2688213000,2688213K,K
SDMAPrIntCn8,3732480000,3732480K,K
SDMAPrIntCn9,2896143000,2896143K,K
SDMAPrIntCn10,4805989000,4805989K,K
SDMAPrIntCn11,3626972000,3626972K,K
SDMAPrIntCn12,3170871000,3170871K,K
SDMAPrIntCn13,3060039000,3060039K,K
SDMAPrIntCn14,985354262,985354262,none
SDMAPrIntCn15,1807571000,1807571K,K
MISC_PLL_LOCK_FAIL_ERR,0,0,none
MISC_MBIST_FAIL_ERR,0,0,none
MISC_INVALID_EEP_CMD_ERR,0,0,none
MISC_EFUSE_DONE_PARITY_ERR,0,0,none
MISC_EFUSE_WRITE_ERR,0,0,none
MISC_EFUSE_READ_BAD_ADDR_ERR,0,0,none
MISC_EFUSE_CSR_PARITY_ERR,0,0,none
MISC_FW_AUTH_FAILED_ERR,0,0,none
MISC_KEY_MISMATCH_ERR,0,0,none
MISC_SBUS_WRITE_FAILED_ERR,0,0,none
MISC_CSR_WRITE_BAD_ADDR_ERR,0,0,none
MISC_CSR_READ_BAD_ADDR_ERR,0,0,none
MISC_CSR_PARITY_ERR,0,0,none
CceErrStatusAggregatedCnt,0,0,none
CceMsixCsrParityErr,0,0,none
CceIntMapUncErr,0,0,none
CceIntMapCorErr,0,0,none
CceMsixTableUncErr,0,0,none
CceMsixTableCorErr,0,0,none
CceRxdmaConvFifoParityErr,0,0,none
CceRcplAsyncFifoParityErr,0,0,none
CceSegWriteBadAddrErr,0,0,none
CceSegReadBadAddrErr,0,0,none
CceTrgtCplTimeoutErr,0,0,none
PcicReceiveParityErr,0,0,none
PcicTransmitBackParityErr,0,0,none
PcicTransmitFrontParityErr,0,0,none
PcicCplDatQUncErr,0,0,none
PcicCplHdQUncErr,0,0,none
PcicPostDatQUncErr,0,0,none
PcicPostHdQUncErr,0,0,none
PcicRetrySotMemUncErr,0,0,none
PcicRetryMemUncErr,0,0,none
PcicNPostDatQParityErr,0,0,none
PcicNPostHQParityErr,0,0,none
PcicCplDatQCorErr,0,0,none
PcicCplHdQCorErr,0,0,none
PcicPostDatQCorErr,0,0,none
PcicPostHdQCorErr,0,0,none
PcicRetrySotMemCorErr,0,0,none
PcicRetryMemCorErr,0,0,none
CceCli1AsyncFifoDbgParityError,0,0,none
CceCli1AsyncFifoRxdmaParityError,0,0,none
CceCli1AsyncFifoSdmaHdParityErr,0,0,none
CceCli1AsyncFifoPioCrdtParityErr,0,0,none
CceCli2AsyncFifoParityErr,0,0,none
CceCsrCfgBusParityErr,0,0,none
CceCli0AsyncFifoParityErr,0,0,none
CceRspdDataParityErr,0,0,none
CceTrgtAccessErr,0,0,none
CceTrgtAsyncFifoParityErr,0,0,none
CceCsrWriteBadAddrErr,0,0,none
CceCsrReadBadAddrErr,0,0,none
CceCsrParityErr,0,0,none
RxCsrParityErr,0,0,none
RxCsrWriteBadAddrErr,0,0,none
RxCsrReadBadAddrErr,0,0,none
RxDmaCsrUncErr,0,0,none
RxDmaDqFsmEncodingErr,0,0,none
RxDmaEqFsmEncodingErr,0,0,none
RxDmaCsrParityErr,0,0,none
RxRbufDataCorErr,0,0,none
RxRbufDataUncErr,0,0,none
RxDmaDataFifoRdCorErr,0,0,none
RxDmaDataFifoRdUncErr,0,0,none
RxDmaHdrFifoRdCorErr,0,0,none
RxDmaHdrFifoRdUncErr,0,0,none
RxRbufDescPart2CorErr,0,0,none
RxRbufDescPart2UncErr,0,0,none
RxRbufDescPart1CorErr,0,0,none
RxRbufDescPart1UncErr,0,0,none
RxHqIntrFsmErr,0,0,none
RxHqIntrCsrParityErr,0,0,none
RxLookupCsrParityErr,0,0,none
RxLookupRcvArrayCorErr,0,0,none
RxLookupRcvArrayUncErr,0,0,none
RxLookupDesPart2ParityErr,0,0,none
RxLookupDesPart1UncCorErr,0,0,none
RxLookupDesPart1UncErr,0,0,none
RxRbufNextFreeBufCorErr,0,0,none
RxRbufNextFreeBufUncErr,0,0,none
RxRbufFlInitWrAddrParityErr,0,0,none
RxRbufFlInitdoneParityErr,0,0,none
RxRbufFlWrAddrParityErr,0,0,none
RxRbufFlRdAddrParityErr,0,0,none
RxRbufEmptyErr,0,0,none
RxRbufFullErr,0,0,none
RxRBufBadLookupErr,0,0,none
RxRbufCtxIdParityErr,0,0,none
RxRbufCsrQEOPDWParityErr,0,0,none
RxRbufCsrQNumOfPktParityErr,0,0,none
RxRbufCsrQTlPtrParityErr,0,0,none
RxRbufCsrQHdPtrParityErr,0,0,none
RxRbufCsrQVldBitParityErr,0,0,none
RxRbufCsrQNextBufParityErr,0,0,none
RxRbufCsrQEntCntParityErr,0,0,none
RxRbufCsrQHeadBufNumParityErr,0,0,none
RxRbufBlockListReadCorErr,0,0,none
RxRbufBlockListReadUncErr,0,0,none
RxRbufLookupDesCorErr,0,0,none
RxRbufLookupDesUncErr,0,0,none
RxRbufLookupDesRegUncCorErr,0,0,none
RxRbufLookupDesRegUncErr,0,0,none
RxRbufFreeListCorErr,0,0,none
RxRbufFreeListUncErr,0,0,none
RxRcvFsmEncodingErr,0,0,none
RxDmaFlagCorErr,0,0,none
RxDmaFlagUncErr,0,0,none
RxDcSopEopParityErr,0,0,none
RxRcvCsrParityErr,0,0,none
RxRcvQpMapTableCorErr,0,0,none
RxRcvQpMapTableUncErr,0,0,none
RxRcvDataCorErr,0,0,none
RxRcvDataUncErr,0,0,none
RxRcvHdrCorErr,0,0,none
RxRcvHdrUncErr,0,0,none
RxDcIntfParityErr,0,0,none
RxDmaCsrCorErr,0,0,none
PioPecSopHeadParityErr,0,0,none
PioPccSopHeadParityErr,0,0,none
PioLastReturnedCntParityErr,0,0,none
PioCurrentFreeCntParityErr,0,0,none
PioPpmcSopLenErr,0,0,none
PioPpmcBqcMemParityErr,0,0,none
PioVlFifoParityErr,0,0,none
PioVlfSopParityErr,0,0,none
PioVlfVlLenParityErr,0,0,none
PioBlockQwCountParityErr,0,0,none
PioWriteQwValidParityErr,0,0,none
PioStateMachineErr,0,0,none
PioWriteDataParityErr,0,0,none
PioHostAddrMemCorErr,0,0,none
PioHostAddrMemUncErr,0,0,none
PioPktEvictSmOrArbSmErr,0,0,none
PioInitSmInErr,0,0,none
PioPpmcPblFifoErr,0,0,none
PioCreditRetFifoParityErr,0,0,none
PioVlLenMemBank1CorErr,0,0,none
PioVlLenMemBank0CorErr,0,0,none
PioVlLenMemBank1UncErr,0,0,none
PioVlLenMemBank0UncErr,0,0,none
PioSmPktResetParityErr,0,0,none
PioPktEvictFifoParityErr,0,0,none
PioSbrdctrlCrrelFifoParityErr,0,0,none
PioSbrdctlCrrelParityErr,0,0,none
PioPecFifoParityErr,0,0,none
PioPccFifoParityErr,0,0,none
PioSbMemFifo1Err,0,0,none
PioSbMemFifo0Err,0,0,none
PioCsrParityErr,0,0,none
PioWriteAddrParityErr,0,0,none
PioWriteBadCtxtErr,0,0,none
SDmaPcieReqTrackingCorErr,0,0,none
SDmaPcieReqTrackingUncErr,0,0,none
SDmaCsrParityErr,0,0,none
SDmaRpyTagErr,0,0,none
TxReadPioMemoryCsrUncErr,0,0,none
TxReadSdmaMemoryCsrUncErr,0,0,none
TxEgressFifoCorErr,0,0,none
TxReadPioMemoryCorErr,0,0,none
TxReadSdmaMemoryCorErr,0,0,none
TxSbHdrCorErr,0,0,none
TxCreditOverrunErr,0,0,none
TxLaunchFifo8CorErr,0,0,none
TxLaunchFifo7CorErr,0,0,none
TxLaunchFifo6CorErr,0,0,none
TxLaunchFifo5CorErr,0,0,none
TxLaunchFifo4CorErr,0,0,none
TxLaunchFifo3CorErr,0,0,none
TxLaunchFifo2CorErr,0,0,none
TxLaunchFifo1CorErr,0,0,none
TxLaunchFifo0CorErr,0,0,none
TxCreditReturnVLErr,0,0,none
TxHcrcInsertionErr,0,0,none
TxEgressFifoUncErr,0,0,none
TxReadPioMemoryUncErr,0,0,none
TxReadSdmaMemoryUncErr,0,0,none
TxSbHdrUncErr,0,0,none
TxCreditReturnParityErr,0,0,none
TxLaunchFifo8UncOrParityErr,0,0,none
TxLaunchFifo7UncOrParityErr,0,0,none
TxLaunchFifo6UncOrParityErr,0,0,none
TxLaunchFifo5UncOrParityErr,0,0,none
TxLaunchFifo4UncOrParityErr,0,0,none
TxLaunchFifo3UncOrParityErr,0,0,none
TxLaunchFifo2UncOrParityErr,0,0,none
TxLaunchFifo1UncOrParityErr,0,0,none
TxLaunchFifo0UncOrParityErr,0,0,none
TxSdma15DisallowedPacketErr,0,0,none
TxSdma14DisallowedPacketErr,0,0,none
TxSdma13DisallowedPacketErr,0,0,none
TxSdma12DisallowedPacketErr,0,0,none
TxSdma11DisallowedPacketErr,0,0,none
TxSdma10DisallowedPacketErr,0,0,none
TxSdma9DisallowedPacketErr,0,0,none
TxSdma8DisallowedPacketErr,0,0,none
TxSdma7DisallowedPacketErr,0,0,none
TxSdma6DisallowedPacketErr,0,0,none
TxSdma5DisallowedPacketErr,0,0,none
TxSdma4DisallowedPacketErr,0,0,none
TxSdma3DisallowedPacketErr,0,0,none
TxSdma2DisallowedPacketErr,0,0,none
TxSdma1DisallowedPacketErr,0,0,none
TxSdma0DisallowedPacketErr,0,0,none
TxConfigParityErr,0,0,none
TxSbrdCtlCsrParityErr,0,0,none
TxLaunchCsrParityErr,0,0,none
TxIllegalVLErr,0,0,none
TxSbrdCtlStateMachineParityErr,0,0,none
TxSdmaLaunchIntfParityErr,0,0,none
TxPioLaunchIntfParityErr,0,0,none
TxIncorrectLinkStateErr,0,0,none
TxLinkdownErr,0,0,none
EgressFifoUnderrunOrParityErr,0,0,none
TxPktIntegrityMemUncErr,0,0,none
TxPktIntegrityMemCorErr,0,0,none
SendCsrWriteBadAddrErr,0,0,none
SendCsrReadBadAddrErr,0,0,none
SendCsrParityErr,0,0,none
PioWriteOutOfBoundsErr,0,0,none
PioWriteOverflowErr,0,0,none
PioWriteCrossesBoundaryErr,0,0,none
PioDisallowedPacketErr,0,0,none
PioInconsistentSopErr,0,0,none
SDmaHeaderRequestFifoCorErr,0,0,none
SDmaHeaderStorageCorErr,0,0,none
SDmaPacketTrackingCorErr,0,0,none
SDmaAssemblyCorErr,0,0,none
SDmaDescTableCorErr,0,0,none
SDmaHeaderRequestFifoUncErr,0,0,none
SDmaHeaderStorageUncErr,0,0,none
SDmaPacketTrackingUncErr,0,0,none
SDmaAssemblyUncErr,0,0,none
SDmaDescTableUncErr,0,0,none
SDmaTimeoutErr,0,0,none
SDmaHeaderLengthErr,0,0,none
SDmaHeaderAddressErr,0,0,none
SDmaHeaderSelectErr,0,0,none
SDmaPacketDescOverflowErr,0,0,none
SDmaLengthMismatchErr,0,0,none
SDmaHaltErr,16,16,none
SDmaMemReadErr,0,0,none
SDmaFirstDescErr,0,0,none
SDmaTa,0,0,none
TxUnVLErr,0,0,none
TxInvalLen,0,0,none
TxMMLenErr,0,0,none
TxUnderrun,0,0,none
TxFlowStall,4000916000,4000916K,K
TxDropped,0,0,none
TxHdrErr,0,0,none
TxPkt,1641337701000,1641337701K,K
TxWords,824762647032000,824762647032K,K
TxWait,167294927694000,167294927694K,K
TxFlitVL0,412387111417000,412387111417K,K
TxFlitVL1,0,0,none
TxFlitVL2,0,0,none
TxFlitVL3,0,0,none
TxFlitVL4,0,0,none
TxFlitVL5,0,0,none
TxFlitVL6,0,0,none
TxFlitVL7,0,0,none
TxFlitVL15,25641194,25641194,none
TxPktVL0,1641337367000,1641337367K,K
TxPktVL1,0,0,none
TxPktVL2,0,0,none
TxPktVL3,0,0,none
TxPktVL4,0,0,none
TxPktVL5,0,0,none
TxPktVL6,0,0,none
TxPktVL7,0,0,none
TxPktVL15,333230,333230,none
TxWaitVL0,167238002791000,167238002791K,K
TxWaitVL1,0,0,none
TxWaitVL2,0,0,none
TxWaitVL3,0,0,none
TxWaitVL4,0,0,none
TxWaitVL5,0,0,none
TxWaitVL6,0,0,none
TxWaitVL7,0,0,none
TxWaitVL15,0,0,none
RxPkt,548385899000,548385899K,K
RxWords,242708718014000,242708718014K,K
SwLinkDown,1,1,none
SwLinkUp,0,0,none
UnknownFrame,0,0,none
XmitDscd,0,0,none
XmitDscdVl0,0,0,none
XmitDscdVl1,0,0,none
XmitDscdVl2,0,0,none
XmitDscdVl3,0,0,none
XmitDscdVl4,0,0,none
XmitDscdVl5,0,0,none
XmitDscdVl6,0,0,none
XmitDscdVl7,0,0,none
XmitDscdVl15,0,0,none
XmitCstrErr,0,0,none
RcvCstrErr,0,0,none
LoopPkts,12,12,none
RcResend,0,0,none
RnrNak,0,0,none
OtherNak,0,0,none
RcTimeOut,0,0,none
PktDrop,18,18,none
DmaWait,0,0,none
RcSeqNak,0,0,none
RcDupRew,0,0,none
RdmaSeq,0,0,none
Unaligned,0,0,none
SeqNak,0,0,none
RcCrWait,0,0,none
RcAcks,0,0,none
RcQacks,0,0,none
RcDelayComp,0,0,none
RcvHdrOvr0,0,0,none
RcvHdrOvr1,0,0,none
RcvHdrOvr2,0,0,none
RcvHdrOvr3,0,0,none
RcvHdrOvr4,0,0,none
RcvHdrOvr5,0,0,none
RcvHdrOvr6,0,0,none
RcvHdrOvr7,0,0,none
RcvHdrOvr8,0,0,none
RcvHdrOvr9,0,0,none
RcvHdrOvr10,0,0,none
RcvHdrOvr11,0,0,none
RcvHdrOvr12,0,0,none
RcvHdrOvr13,0,0,none
RcvHdrOvr14,0,0,none
RcvHdrOvr15,0,0,none
RcvHdrOvr16,0,0,none
RcvHdrOvr17,0,0,none
RcvHdrOvr18,0,0,none
RcvHdrOvr19,0,0,none
RcvHdrOvr20,0,0,none
RcvHdrOvr21,0,0,none
RcvHdrOvr22,0,0,none
RcvHdrOvr23,0,0,none
RcvHdrOvr24,0,0,none
RcvHdrOvr25,0,0,none
RcvHdrOvr26,0,0,none
